Class,Tumor_Size,
0,98.61397059,
0,63.85881588,
0,81.86720593,s
1,151.229741,
1,174.988756,
0,105.0778816,
0,115.2031184,
0,94.87428843,
0,93.81892009,
0,72.5887827,
0,66.28546238,
1,165.4847906,
0,110.568643,
1,122.4026637,
0,46.86429128,
0,84.66410206,
0,102.2484151,
0,95.85850515,
0,63.18477131,
0,71.20957762,
0,92.84570989,
0,86.34391534,
0,52.55454009,
0,73.95724138,
0,91.60589971,
0,83.91363636,
1,188.909201,
0,109.3194922,
0,78.97602441,
0,66.4295302,
0,44.91455091,
0,88.14803544,
0,101.5851291,
1,195.5143208,
0,20.64767025,
0,13.20640968,
0,29.50135135,
0,35.0960046,
0,28.24707087,
0,29.55245256,
0,34.10879655,
0,64.58596192,
0,92.01083916,
0,93.94147583,
0,80.36826531,
0,90.7512477,
0,101.7637493,
1,131.5436486,
0,117.9190401,
1,144.6595275,
1,133.2393017,
1,137.7900452,
1,154.3261895,
0,116.973064,
1,192.8379289,
0,43.0590756,
1,193.9919192,
1,199.156682,
0,119.672028,
0,37.98273777,
0,52.39616572,
0,88.60431428,
0,86.91141833,
0,63.42018692,
0,98.46883173,
1,148.8899297,
1,161.7591398,
1,219.0094118,
1,1187.851111,
1,386.9463798,
1,339.5773956,
0,58.17265125,
0,87.65331715,
0,92.39438562,
0,75.4795082,
0,91.96255411,
1,187.4664948,
1,202.8146877,
1,152.2679035,
1,190.6439181,
1,138.7330317,
0,45.64159605,
1,382.3919945,
1,228.9562333,
1,215.7266928,
0,94.3016129,
1,163.4886111,
1,254.2649709,
0,88.60504202,
0,50.64688832,
0,103.1276992,
0,116.1749373,
0,88.2057732,
0,101.5269151,
1,128.3163082,
1,259.5997031,
1,223.8859368,
0,60.41137326,
0,51.30651381,
0,74.85436744,
0,77.636626,
0,52.37640224,
0,55.58259847,
0,56.20921986,
0,59.7534997,
0,69.75424561,
0,55.5514649,
0,105.0579296,
1,133.5039537,
0,66.88842975,
0,76.91257143,
0,69.63180859,
0,69.94760638,
1,252.3375286,
0,115.0500329,
0,106.51161,
0,117.3263528,
1,191.1992671,
1,274.2108844,
1,141.1099779,
1,429.3596177,
0,63.26013923,
1,139.6330749,
0,92.42005186,
0,110.06294,
0,112.4957393,
0,97.50524396,
1,125.9048962,
1,128.3479733,
0,101.2209346,
1,144.0732683,
1,145.8549753,
1,139.2562542,
1,164.7203797,
1,190.948626,
1,220.1110215,
1,166.8733182,
1,148.9105297,
0,87.74760939,
0,86.97621375,
0,57.74706782,
1,191.8333333,
1,172.6872679,
1,208.4617682,
0,29.96191781,
0,50.07781233,
0,84.93264427,
0,97.15329015,
0,43.05778192,
0,79.59667025,
1,196.2612613,
1,227.0723404,
1,303.0392817,
0,80.63084746,
0,81.44168134,
0,83.05914407,
0,77.15093985,
0,89.00949796,
0,89.77001595,
0,75.96329072,
0,72.03950769,
1,149.5061063,
1,125.7508735,
1,135.7646771,
1,165.4101843,
1,218.5579522,
1,124.2613358,
0,81.98381877,
1,132.7705529,
1,123.8595964,
1,133.539743,
0,93.5952381,
1,219.6023077,
1,482.9785661,
1,136.8884088,
1,181.5025862,
1,162.6693487,
1,157.6120683,
1,151.0357375,
1,191.6810513,
1,179.3647121,
1,153.2113501,
1,127.9146199,
0,106.2076379,
1,148.4670495,
0,96.95345878,
1,123.2932775,
1,171.567597,
0,118.6981838,
1,226.439442,
1,167.2536178,
1,149.5822953,
0,27.51594678,
0,23.71281646,
0,27.97654258,
0,48.28075881,
0,102.6536155,
0,109.8055671,
1,125.1969611,
1,214.4367548,
1,291.5692641,
1,144.1413347,
1,180.6926437,
1,161.3645508,
0,101.0990551,
0,112.6474299,
0,93.63013612,
0,110.0756528,
0,115.3273596,
1,272.2806818,
0,55.0976686,
0,34.14516129,
0,76.32175111,
0,51.19303279,
0,21.08154235,
0,29.76686508,
0,72.44130627,
1,123.9836601,
0,98.47447593,
0,118.097,
1,131.6428865,
1,151.4610684,
1,199.8980464,
1,174.0867647,
1,173.8375944,
0,77.0191291,
0,82.33877234,
1,140.8181818,
1,152.2898256,
1,136.5972814,
1,212.7614764,
0,91.23846154,
0,118.573227,
1,144.1707807,
1,139.6580796,
1,194.211777,
0,84.53418124,
0,97.54552611,
0,73.76076688,
1,130.6970414,
1,162.0441801,
0,92.12332952,
0,81.74207146,
1,141.5827465,
0,108.3528455,
0,76.81932773,
0,77.38114316,
0,98.21053615,
1,169.295909,
0,109.0717594,
0,101.9590154,
1,200.8715278,
0,75.76750944,
0,79.45992014,
0,65.89963195,
0,71.62437276,
0,48.67368893,
0,74.13940371,
0,84.24713209,
0,79.26449231,
0,62.14838812,
0,116.0310078,
1,149.7621359,
0,32.60502959,
0,41.38918985,
0,38.96909072,
0,39.50770098,
0,52.16393443,
1,373.3480519,
0,18.60362173,
0,17.4632403,
0,28.67117794,
0,22.91201388,
0,43.58881064,
0,62.33647409,
0,82.66080094,
0,108.4798335,
1,133.3725892,
1,152.5186555,
0,101.4946706,
0,99.56009783,
0,59.90863567,
0,94.97520661,
1,444.5369822,
1,226.3098901,
0,76.7137218,
0,81.14350329,
0,68.19473868,
0,86.52089704,
1,183.952381,
0,82.06252308,
0,91.93575851,
0,97.77777778,
1,123.6103282,
0,119.4619697,
1,221.3769345,
1,227.5638889,
0,73.22045012,
0,90.68053192,
1,123.981982,
1,122.6746685,
1,138.3635149,
0,37.30889541,
0,43.77684391,
0,90.60537717,
1,133.4688956,
1,136.8926829,
0,45.0170068,
1,175.1901432,
1,185.7444589,
1,166.5883797,
0,73.43510324,
0,50.03205128,
1,255.2546898,
0,84.34984472,
0,85.30098152,
1,234.2171986,
0,65.63744003,
1,225.4334252,
1,165.8346601,
1,153.3983333,
0,100.2169568,
0,55.40572938,
0,34.51857177,
0,58.17860163,
0,46.33086867,
0,75.46231481,
0,63.34343434,
0,97.24198427,
0,95.56065661,
1,126.3912698,
1,387.2823529,
1,164.5888235,
0,50.52927632,
0,31.9219621,
1,181.2934066,
1,224.3763042,
1,156.5156986,
1,262.0437281,
1,226.0852926,
1,131.9708625,
1,171.2347541,
0,102.988137,
0,112.1273394,
1,167.2334096,
1,332.8174118,
1,139.5480392,
1,162.232967,
0,102.1274031,
1,261.0114087,
0,88.83874644,
1,126.9902074,
0,40.2716792,
0,35.78391761,
0,50.02803419,
0,44.70908005,
1,264.9760508,
0,38.89595687,
0,56.87590929,
0,45.65227887,
0,50.39779054,
1,143.0456062,
0,82.92596855,
0,104.1614035,
0,105.9134064,
1,1191.76,
1,212.8967742,
1,263.094703,
1,298.3361783,
0,65.95466453,
0,46.66052568,
0,78.45220327,
1,145.4458197,
0,110.8721198,
1,167.6531159,
1,319.0544909,
1,180.5219461,
0,95.45676877,
1,145.2040531,
1,159.916261,
1,153.4251894,
1,173.7989301,
1,218.0895179,
1,188.777439,
0,85.75490992,
0,81.35884996,
1,160.0047407,
1,320.6344294,
0,75.29010101,
0,49.94741533,
0,68.02129133,
0,85.99211658,
0,85.68581293,
0,118.986822,
1,136.3045267,
1,130.7699038,
1,152.2369929,
1,127.4810715,
0,115.7347105,
1,169.6219952,
0,78.92573825,
0,81.7195122,
0,111.9757912,
1,145.6057778,
1,161.0987581,
1,249.6770452,
1,157.876257,
1,207.2074811,
1,183.5769231,
1,155.6190141,
1,187.8307018,
0,119.5076572,
1,333.6362229,
1,169.2015504,
0,99.47555556,
0,98.6511815,
0,107.5368154,
1,123.6808756,
1,189.8733572,
1,165.534627,
0,41.3427142,
0,43.76768236,
0,33.65453572,
0,39.52817969,
0,26.56408318,
0,28.26262796,
0,42.13506494,
0,90.53820781,
0,86.16985138,
0,78.8861695,
0,86.90967307,
0,111.1462781,
0,113.4244269,
1,132.1671375,
0,79.31941748,
1,179.599537,
1,154.2029221,
1,226.8277819,
0,7.010451661,
0,5.350220913,
0,8.300939473,
0,8.55060681,
0,14.01987179,
0,18.21149425,
0,83.38872501,
0,66.74867692,
1,176.6458898,
1,249.8184776,
1,247.7850909,
0,39.08590669,
1,305.2534535,
0,99.92165899,
1,375.2564103,
1,220.1492084,
1,172.7387363,
1,144.4271915,
1,132.6964134,
1,180.1953162,
1,137.6391626,
1,125.3787854,
0,115.0832064,
1,141.5635986,
1,192.3805111,
1,245.9791176,
0,76.38189108,
0,75.45808967,
0,58.98999846,
0,56.24231307,
0,75.25777898,
0,106.5510468,
0,42.20283883,
0,55.91650659,
0,61.70816697,
0,68.08073795,
0,60.44150446,
0,38.01488834,
0,78.1038961,
1,176.1056911,
1,184.2044057,
1,149.0932274,
1,188.9784483,
1,249.60472,
1,306.2949095,
0,44.61630527,
0,53.58633734,
0,111.7096927,
0,27.66028571,
0,25.13766234,
0,32.54996269,
0,35.07009299,
0,36.47310154,
0,32.19642857,
0,57.9875,
1,139.54836,
0,114.6781012,
1,136.8971917,
1,132.5132123,
1,196.980101,
1,293.5055258,
0,18.17899408,
0,29.47540984,
0,25.49242787,
0,25.49735029,
0,31.37006079,
0,20.53206169,
0,101.1445098,
0,95.74386224,
0,77.93491986,
1,237.0129089,
0,46.46234619,
0,57.27626812,
0,71.03569892,
0,58.43268015,
0,94.48620611,
0,82.68452381,
0,85.66902727,
1,384.0432099,
0,92.83471074,
1,145.1173523,
1,128.9709552,
1,269.0587173,
1,475.4830438,
1,128.9264634,
1,342.3207052,
0,91.3022121,
0,89.07587879,
0,84.01485944,
1,208.6564516,
0,51.70261438,
1,140.9425516,
0,109.1933472,
0,119.5114555,
0,72.96578249,
1,154.8625171,
0,70.2288,
0,111.380322,
1,146.3820883,
1,142.7862496,
0,100.1722064,
1,140.7991551,
0,94.83732308,
1,219.1453252,
0,75.51830786,
0,78.52635593,
0,28.73887421,
0,36.49089089,
0,35.2566868,
1,146.6357647,
1,160.9503095,
0,83.98248206,
0,47.11966605,
0,27.78171343,
0,50.80261723,
0,46.37005913,
0,72.33166373,
1,169.8186173,
0,60.40091463,
1,145.2572012,
1,167.937724,
0,63.55875614,
0,54.98559671,
0,55.93306603,
0,68.37049223,
1,125.3067164,
0,76.39362374,
0,59.95624235,
0,111.5985863,
0,73.87125375,
0,100.8606859,
0,97.07688271,
1,165.8306213,
1,205.4088785,
1,362.1622642,
0,84.00666667,
1,130.4211462,
1,132.791397,
0,94.38411703,
1,161.4679487,
0,23.85925926,
0,37.21232123,
0,54.03269231,
0,68.96272954,
0,46.30622189,
1,212.1781576,
1,278.0746928,
1,400.4139785,
0,117.344002,
1,175.0584821,
1,153.1966176,
1,170.4207899,
1,203.3903723,
0,17.78672032,
0,62.85365854,
0,63.86631016,
0,21.21549296,
0,18.1954262,
0,27.47824008,
0,37.10832556,
0,33.1953548,
0,39.02859366,
0,45.96609187,
0,42.13155308,
1,124.9443821,
0,101.232438,
0,30.91170108,
0,38.7882248,
0,95.48830535,
0,109.3111827,
0,108.9232924,
0,91.06247912,
0,100.9809524,
0,54.49798984,
0,32.30781893,
0,48.46182918,
0,81.09534706,
0,48.41381023,
0,76.04489,
0,87.94980504,
0,102.8331349,
0,101.9399838,
0,86.08751044,
0,60.45735849,
0,80.02862347,
0,88.1552891,
0,86.28127773,
0,77.72741827,
1,122.7612121,
1,132.2565725,
0,42.90696161,
0,46.39866667,
0,101.5971774,
0,76.6048053,
1,131.1955882,
1,184.6117647,
1,153.1743304,
1,181.9692308,
1,349.8129758,
1,403.5757813,
1,590.6428571,
0,59.14194577,
0,68.32710587,
0,63.11384615,
0,65.91452897,
0,69.42124052,
0,88.56482956,
1,163.9908824,
1,271.6745734,
1,155.0963145,
0,102.3881481,
1,228.5731765,
1,174.5028571,
1,158.0088417,
0,70.84639831,
0,70.31005291,
1,212.0568918,
1,150.5578017,
1,209.1507246,
1,206.5764411,
0,104.7176964,
0,73.26529536,
0,90.20873704,
1,133.9745382,
1,153.565625,
0,38.73365231,
0,33.40939836,
0,50.88385876,
0,37.4702352,
1,170.2561072,
0,83.099807,
0,84.18877551,
0,76.45109578,
0,77.69989705,
0,111.7132353,
0,107.350271,
0,85.37388597,
0,73.40800405,
1,167.9069149,
0,65.45293584,
1,214.9014137,
0,92.62759549,
1,124.4082816,
1,139.7874687,
1,290.3229412,
1,355.1647761,
1,352.1238029,
1,390.8103244,
0,29.54163414,
0,45.58030196,
0,81.4759633,
0,98.81012974,
1,148.7927845,
0,75.43422914,
0,61.09484251,
0,75.07708872,
0,89.24555556,
0,76.86358207,
0,88.11047346,
0,119.0841576,
1,166.3232184,
0,58.12673831,
0,79.54571363,
0,79.86696429,
0,77.81077296,
0,66.81935818,
1,175.1597059,
1,532.5517058,
1,237.6619548,
1,337.0574939,
1,199.8804171,
1,527.2473404,
1,273.3537165,
1,201.6417854,
1,256.4458525,
1,373.9731183,
1,201.6539216,
0,107.8515559,
0,104.6072072,
0,108.1981685,
1,155.2891247,
0,55.85670599,
0,62.63974359,
0,74.24922737,
0,25.70729167,
0,56.72464623,
0,47.63712737,
0,45.07484162,
1,130.8067376,
0,42.47304965,
0,47.33392751,
0,43.63045924,
0,46.88053271,
0,56.85518519,
0,80.30590157,
0,62.93025258,
0,93.95630252,
1,133.5979918,
1,147.206422,
1,340.8185404,
0,64.68544601,
0,85.49160562,
0,65.18922045,
0,71.31144279,
1,155.9139957,
1,164.2090411,
1,188.1563506,
1,306.5866667,
0,39.4160097,
0,26.39201814,
0,39.9156,
0,40.85265049,
0,37.23808794,
0,56.89746626,
0,38.08867925,
0,52.92458169,
0,49.66219407,
0,43.2600286,
0,42.78992177,
0,91.10124092,
1,269.9064182,
1,214.3092732,
0,68.65387823,
0,76.16686869,
0,76.57056194,
0,85.93748358,
0,96.98976318,
1,207.1532058,
1,173.6441799,
0,48.8774519,
0,71.75753846,
1,182.6613211,
0,118.8077077,
1,292.4289121,
0,3.194733195,
0,5.322916667,
0,14.84507042,
0,14.54501685,
0,15.35683286,
0,25.11823755,
0,30.82482639,
0,25.6122449,
0,61.28647094,
1,128.5517598,
1,123.7936593,
0,70.56821661,
0,52.02067364,
0,55.97968362,
0,52.54572796,
1,213.6556777,
0,55.06317757,
0,86.81045301,
0,101.1179688,
0,83.80606282,
0,115.9892473,
0,74.96591125,
0,51.27255879,
0,80.11237003,
0,78.48970622,
1,137.3038657,
0,82.06197274,
0,103.3271484,
0,95.93496977,
0,103.4913081,
0,84.43475803,
0,94.59074447,
1,155.3793801,
0,53.89641944,
1,190.9076923,
1,194.1959877,
1,161.4606898,
1,216.8376959,
1,169.0321443,
1,171.056596,
1,204.7072546,
1,294.9841326,
0,55.43413536,
0,89.09005151,
0,65.87269069,
1,131.6020801,
1,393.9503268,
1,527.3330314,
1,513.4756828,
1,3382.574163,
0,66.77706237,
0,84.09880594,
1,303.9384045,
0,106.5718576,
0,62.86982863,
0,57.59786388,
0,62.52822277,
1,142.6911544,
0,105.415625,
0,63.38373984,
0,45.66670246,
0,53.51330935,
0,36.62626263,
0,54.33301143,
1,137.1261659,
1,129.7822712,
0,77.09486166,
1,146.7247772,
1,231.1055227,
0,65.32346327,
0,55.19430749,
0,78.39048032,
0,106.5001038,
1,236.8438356,
0,71.06664917,
0,66.74076132,
0,44.63957988,
0,111.1777278,
0,105.5002959,
1,269.3622642,
0,49.7297491,
0,71.6705998,
0,119.0998661,
0,63.63294118,
0,75.43863129,
1,192.2563889,
0,76.05855856,
0,84.03691046,
0,93.21161049,
1,189.5528256,
0,114.9928854,
1,147.723149,
1,250.8103379,
1,202.5619048,
1,379.9565217,
1,223.596206,
0,51.13638936,
0,42.64873786,
0,52.6244449,
0,70.1368978,
0,98.73396567,
0,119.6222222,
1,203.4825248,
1,201.7598014,
0,43.36140845,
0,39.48935749,
0,59.52064403,
0,74.09760616,
0,92.15249951,
0,32.03949329,
0,22.58021739,
0,32.34186383,
0,27.12055933,
0,26.72402872,
1,129.9867021,
0,62.49966102,
0,107.4580263,
0,107.569227,
0,84.47410447,
0,99.15064626,
0,92.57176976,
0,45.14678788,
1,126.2724987,
1,178.2101787,
1,153.2137716,
0,91.44387755,
1,143.0496157,
1,246.2262873,
0,28.1701838,
0,31.18699376,
0,40.4429158,
0,50.02305054,
0,66.90324465,
1,185.7529781,
1,198.0547667,
0,67.97187105,
0,93.33323413,
1,199.0754274,
0,118.8743687,
0,70.31164274,
0,76.27122255,
0,68.58892308,
0,75.9155241,
1,202.0702059,
0,52.56668774,
1,174.4161183,
1,160.5218195,
0,88.74776919,
0,63.03450521,
0,69.28973981,
1,133.9264069,
0,111.2785316,
1,159.8872356,
1,189.9776316,
0,56.44000683,
0,57.23588785,
0,86.7975382,
0,74.51893126,
0,69.70644592,
0,107.9653634,
0,83.8978883,
1,269.5290566,
0,68.07683794,
0,96.56340994,
0,93.05412235,
0,104.8212793,
1,152.0194379,
1,161.8615385,
0,115.3079318,
0,76.89508759,
0,96.03946834,
0,66.04878372,
0,62.86823268,
1,191.92,
0,79.37053425,
0,73.26732308,
0,80.48684211,
0,100.702722,
0,57.26299694,
1,266.0462102,
0,72.47621283,
1,224.6811135,
1,138.9729163,
1,162.6697888,
1,158.9082394,
1,161.0296993,
1,223.7189403,
1,231.774729,
0,70.31164274,
0,76.27122255,
0,68.58892308,
0,75.9155241,
1,202.0702059,
0,52.56668774,
1,174.4161183,
1,160.5218195,
0,88.74776919,
0,63.03450521,
0,69.28973981,
1,133.9264069,
0,111.2785316,
1,159.8872356,
1,189.9776316,
0,56.44000683,
0,57.23588785,
0,86.7975382,
0,74.51893126,
0,69.70644592,
0,107.9653634,
0,83.8978883,
1,269.5290566,
0,68.07683794,
0,96.56340994,
0,93.05412235,
0,104.8212793,
1,152.0194379,
1,161.8615385,
0,115.3079318,
0,76.89508759,
0,96.03946834,
0,66.04878372,
0,62.86823268,
1,191.92,
0,79.37053425,
0,73.26732308,
0,80.48684211,
0,100.702722,
0,57.26299694,
1,266.0462102,
0,72.47621283,
1,224.6811135,
1,138.9729163,
1,162.6697888,
1,158.9082394,
1,161.0296993,
1,223.7189403,
1,231.774729,
0,69.70644592,
0,96.56340994,
0,93.05412235,
0,104.8212793,
0,96.03946834,
0,73.26732308,
0,80.48684211,
0,100.702722,
1,266.0462102,
0,72.47621283,
1,162.6697888,
1,158.9082394,
1,161.0296993,
0,89.57287582,
1,148.7879095,
1,127.7415236,
1,150.1609733,
0,93.28461538,
1,141.25585,
1,159.1792208,
0,110.5238727,
0,101.3042308,
0,95.40948905,
0,95.97001898,
0,98.39106355,
0,83.8410628,
0,53.75994575,
0,118.5809748,
0,92.63791711,
0,100.0363453,
0,104.7454459,
0,61.70833333,
0,57.471537,
1,134.4762931,
0,109.0426979,
1,144.8185263,
0,114.4242804,
0,118.8640753,
1,132.6503497,
1,155.3966049,
0,106.6690655,
1,133.712963,
0,62.40217391,
0,100.1655922,
0,76.72793724,
1,148.7518895,
0,68.59206897,
0,74.99589744,
0,83.1438914,
1,194.5461621,
1,166.5982993,
0,65.81133005,
0,80.21645161,
0,78.42012012,
0,82.70414295,
0,81.99314821,
0,89.34387464,
0,109.3625115,
0,76.6855257,
0,68.18636977,
0,72.05899908,
0,81.98988487,
0,80.00709588,
0,72.0976198,
0,69.14554795,
0,87.60591844,
0,98.89289474,
0,17.496,
0,17.82610891,
0,31.23066213,
0,42.04744235,
0,25.54597403,
0,33.12103244,
0,45.664361,
0,70.89051095,
0,82.38639907,
0,69.55834127,
0,84.39980389,
0,13.47483791,
1,124.2842905,
1,152.447862,
1,121.9033939,
1,158.1877564,
1,167.9318579,
1,129.022607,
1,139.0116657,
1,134.1315789,
1,151.6206289,
1,206.482963,
0,102.3698093,
0,93.9616931,
0,55.30581745,
0,68.17935913,
1,165.700313,
0,58.28211321,
0,71.56504807,
0,102.5545139,
1,135.7991453,
1,188.6153745,
0,101.6118203,
1,162.3637264,
1,365.7736414,
1,423.6636415,
1,328.3000739,
1,322.0922944,
0,104.6499087,
0,87.37076703,
0,82.85799984,
0,112.481448,
0,110.3268122,
0,90.28333873,
0,88.60184856,
1,132.9431953,
1,142.8126287,
1,170.5207114,
1,274.9716442,
0,103.9444444,
1,184.659467,
1,222.7109929,
0,51.33616352,
1,327.8596838,
1,217.2601653,
1,144.2602941,
1,154.2627778,
0,68.64583333,
1,208.6820116,
1,143.4416035,
1,174.5940845,
1,263.6914027,
1,206.4784598,
0,87.51878788,
0,51.08246528,
1,273.5704762,
0,84.05138889,
0,65.03768116,
0,82.43234672,
1,148.5192029,
1,147.7210145,
1,144.2484277,
0,66.23907178,
0,75.03134886,
0,81.03538603,
0,52.07017544,
0,76.58871037,
0,74.1031746,
0,76.29679487,
0,62.30528846,
0,66.86945287,
0,78.62304147,
0,59.61638524,
0,64.99838269,
0,68.67724868,
0,58.78778837,
0,65.76586355,
0,60.73617948,
0,90.50164361,
1,135.1704996,
0,81.46826961,
0,82.40017361,
0,108.4077922,
0,92.67816742,
0,84.40927431,
0,82.96647955,
0,47.19352617,
0,81.48976293,
1,150.1972556,
1,404.3324324,
0,109.5908169,
0,108.1917614,
1,122.0977444,
0,116.3588943,
1,250.6405217,
1,173.6510406,
1,331.9842803,
1,226.9223652,
1,312.6434506,
1,137.0653506,
1,235.3055536,
1,241.3773026,
0,101.2713178,
0,28.92307692,
0,91.222289,
1,129.7536873,
0,53.58734451,
0,92.34735484,
0,106.5629291,
0,101.0513125,
1,134.8245292,
0,113.8506635,
0,101.8775194,
1,151.1113778,
1,124.1895681,
1,166.5586242,
0,119.2038673,
1,156.8383028,
0,87.82342449,
1,289.3027183,
1,161.047773,
1,193.1896633,
0,92.82518537,
0,58.15956433,
1,167.7164912,
1,161.6880014,
0,108.0680851,
1,159.6777906,
0,68.85337331,
0,111.6231375,
0,73.75384771,
0,63.80967742,
0,100.9961207,
1,222.6270805,
1,256.9500463,
1,232.9444444,
0,100.0237997,
0,75.1114149,
0,76.12993197,
1,132.9627193,
1,280.8672161,
0,78.97795312,
0,85.41775233,
0,86.59813903,
0,80.54767959,
0,90.26711444,
0,80.74563391,
0,57.1433069,
0,85.69137863,
0,79.61451517,
0,58.65535765,
1,125.3660338,
1,163.8007683,
1,193.2527151,
1,133.7936883,
1,356.0036364,
1,130.3581837,
1,124.9091885,
1,153.3833333,
1,132.5341241,
1,639.5957447,
1,154.1736508,
1,165.1139601,
1,149.4739177,
1,166.1033898,
1,131.9817073,
1,178.326465,
1,147.6362375,
1,187.2886729,
1,150.3895831,
1,179.2844481,
1,189.7702415,
1,147.2075803,
0,112.3582996,
0,95.2324572,
0,104.1846741,
1,126.7425666,
0,88.69995377,
1,322.9830116,
0,93.81077694,
0,112.5190423,
1,125.8754693,
1,142.8246951,
1,186.9547941,
1,163.3151042,
1,151.7159965,
1,247.7965686,
1,168.169073,
1,180.8699187,
1,160.0941466,
1,253.7060547,
0,25.30374941,
0,34.31706791,
0,39.65758468,
0,24.58104858,
0,33.03874092,
0,44.81553398,
1,136.7462628,
0,110.990829,
0,104.3667039,
0,107.7805852,
1,144.0843023,
1,225.0563878,
0,109.9539911,
0,115.4294617,
0,108.6865272,
0,119.9956487,
1,160.6858414,
1,261.530303,
0,88.83413655,
0,30.01055807,
1,198.9818182,
0,86.11125,
1,121.5744631,
0,103.0614106,
0,112.8512575,
1,144.9410256,
0,106.8878133,
0,31.30714286,
0,88.37263158,
0,51.79195402,
0,28.08983452,
0,38.40655177,
0,111.6919236,
1,124.3089715,
1,125.9822835,
1,124.6654037,
0,110.8796326,
0,114.4834541,
0,119.6948925,
1,174.2911853,
1,218.0172414,
1,212.5350226,
1,153.8625349,
1,137.3417326,
1,153.0558449,
1,168.9398085,
1,151.8676958,
1,131.3860911,
1,159.051109,
1,168.4047422,
1,169.8124474,
1,140.980282,
1,192.2503401,
1,191.1135171,
1,141.8913888,
1,205.9102884,
1,121.938347,
0,68.34658168,
1,127.3815172,
0,110.4453215,
0,100.4795649,
0,62.04120879,
0,103.0082456,
1,143.4763815,
1,159.907754,
1,149.4610149,
0,85.78896605,
0,83.28016937,
0,106.8775,
1,179.5725446,
1,349.1619131,
1,169.3798202,
0,93.87914304,
1,136.3202182,
1,156.4387597,
1,466.2222222,
1,200.8899104,
0,66.37190005,
0,67.63805668,
0,71.30165289,
0,75.82648026,
0,81.11163032,
0,74.89863535,
0,68.80793379,
0,59.3472,
0,100.6611877,
0,61.53572932,
0,77.11030024,
0,86.3218122,
0,71.23659049,
0,96.34347997,
0,92.55099478,
0,78.3804354,
0,94.53045332,
1,151.4592856,
1,127.3201493,
1,199.2588303,
1,202.8472222,
1,144.3546713,
0,113.5913843,
0,75.7460815,
0,105.6866359,
0,36.97966452,
0,40.27899751,
0,34.2851728,
0,39.06828466,
0,41.47471234,
1,162.2408889,
1,232.2698768,
0,102.1781356,
1,357.2095974,
1,271.5142308,
0,15.52464034,
0,13.2873917,
0,21.15869565,
0,34.88660524,
0,14.01908169,
0,22.05613226,
0,36.21478714,
0,34.70162749,
0,83.36905615,
0,94.10957464,
1,126.7915666,
1,153.7012987,
1,173.1194613,
0,99.87903142,
1,132.6825926,
1,141.8145637,
1,146.1888256,
0,116.0576923,
0,79.04189723,
1,145.0291495,
0,77.12465878,
0,79.21132275,
0,70.83162192,
0,119.6680962,
1,460.0842803,
0,78.72787739,
0,71.9012305,
0,76.66500034,
0,101.8310539,
1,143.2079701,
0,93.76163683,
0,73.79874067,
0,105.1899057,
0,107.1760839,
0,91.92134312,
0,100.8861593,
1,128.4626653,
1,209.9157119,
0,111.9910545,
1,225.1624361,
1,183.9504902,
0,83.8295756,
0,85.94004083,
0,70.91723141,
0,111.1081081,
1,141.2358108,
0,99.51468729,
0,96.01126721,
0,48.48892054,
0,105.9416133,
1,134.197074,
0,69.65681186,
0,83.087904,
0,106.5529236,
1,147.7626144,
1,163.7042378,
1,148.6137931,
0,76.04600358,
0,86.17547692,
0,101.5250858,
1,198.2151792,
0,70.98452469,
0,90.71736275,
1,281.6873123,
1,135.9337778,
1,274.2753623,
1,258.0310204,
0,82.41626272,
1,219.2310327,
0,108.2,
0,75.2356676,
1,136.8440816,
1,150.6134585,
1,156.3748224,
0,82.60521886,
0,48.671652,
0,41.59677419,
0,50.0597518,
1,174.8777778,
1,149.1352657,
1,140.7731929,
0,42.84142785,
0,44.29387049,
0,54.80654326,
0,54.03822314,
0,55.75546898,
1,130.3593368,
0,112.4503728,
0,50.00306781,
1,123.0657802,
0,92.63377358,
0,108.2466403,
1,162.7745968,
0,89.28585112,
0,90.79718196,
1,167.9355372,
1,188.8229153,
1,197.0499368,
1,161.3723677,
0,86.48001045,
0,98.20399613,
1,249.8552141,
1,371.2339286,
1,271.3150515,
1,202.3754262,
1,263.920911,
1,241.5631313,
1,193.1707317,
1,193.0938607,
1,275.7432121,
0,116.481982,
1,145.8293693,
0,112.4913945,
0,111.3910707,
1,148.9443603,
1,177.9247788,
1,150.3900763,
0,88.77158136,
1,177.9782369,
0,101.7343792,
1,123.5752817,
0,59.63430905,
0,96.01324659,
0,109.352597,
1,142.3926928,
0,47.67595255,
0,47.3379247,
1,196.6225694,
1,125.1153846,
0,45.28595837,
0,46.37035647,
0,85.78285357,
1,296.998045,
0,59.05171958,
0,45.94406593,
0,49.1799373,
0,84.49896222,
0,51.12157287,
0,49.71766477,
0,98.493372,
0,110.1362121,
1,126.9239583,
0,107.6543199,
1,124.1008076,
1,141.3201768,
1,165.3935877,
1,221.5648401,
1,283.1459293,
0,56.49120556,
0,60.99554304,
0,80.22235294,
0,83.89201183,
0,49.55948276,
0,63.34956603,
0,51.88655322,
0,58.40943683,
0,65.01823708,
1,129.9134052,
1,189.6534107,
1,194.259896,
1,299.0218579,
1,270.9742289,
0,51.09655172,
0,101.8506494,
1,181.4542773,
1,269.776533,
1,136.9964927,
1,213.2095238,
1,178.7332323,
1,215.2571143,
1,223.3314054,
1,169.0479508,
1,272.7627628,
1,162.9340491,
1,177.3501412,
1,258.5805195,
0,52.07578209,
0,78.27620333,
0,102.0123711,
0,44.17511312,
1,132.6630596,
1,137.8154561,
0,110.183908,
0,114.6642857,
1,123.2369846,
1,135.9515449,
1,130.3941538,
0,109.5016033,
1,132.5027083,
0,75.10713328,
0,76.18455189,
0,111.5018259,
0,73.73316173,
0,77.53105842,
1,145.723356,
1,143.9727438,
1,211.0762491,
1,145.9592995,
1,191.7192594,
1,160.079834,
1,207.2350247,
1,179.7369898,
1,177.4223417,
1,198.962395,
1,194.8682051,
0,106.5617284,
1,191.0128233,
1,320.7863578,
1,138.341629,
0,95.92951252,
0,98.81691672,
0,103.6015017,
1,130.7194719,
0,118.1346154,
1,138.5377289,
0,94.10442357,
0,99.51468261,
0,109.1559633,
0,29.29616725,
0,30.0464831,
0,34.95650537,
0,36.61111111,
0,42.16322754,
0,29.90522018,
0,35.13478848,
0,83.58912785,
0,86.78928571,
0,76.72208884,
0,107.7390909,
0,92.08092166,
0,83.81716884,
0,79.40402881,
0,108.7713458,
1,130.4419955,
1,158.0619048,
1,172.732963,
1,152.1844252,
1,255.6021053,
1,138.1951691,
1,181.8047359,
1,173.8019048,
1,281.1076628,
1,266.2096745,
0,7.654545455,
0,8.610093092,
0,7.61150085,
0,9.959144953,
0,14.45765832,
0,8.283738192,
0,8.450212553,
0,8.348651349,
0,11.93990533,
0,16.72393048,
0,87.08746803,
0,61.06494869,
0,86.25343676,
1,172.3930556,
0,82.89153282,
0,61.57772123,
1,145.7447447,
1,223.4610524,
1,228.0808135,
0,96.83150505,
1,121.1169591,
0,100.234188,
1,223.524755,
0,83.25130719,
1,158.5096525,
0,78.07630814,
1,224.1121951,
0,91.69450549,
1,202.0374011,
1,146.9758351,
1,199.2765932,
0,102.4183673,
1,153.8949335,
1,153.3600596,
0,110.8379028,
1,153.2313694,
0,103.3842909,
1,176.9870162,
0,108.0405212,
0,117.662843,
1,153.9304039,
1,143.6848317,
1,351.5476974,
0,107.8271819,
1,164.6516978,
0,103.4933732,
0,59.70833333,
0,62.02395118,
0,59.82931727,
0,75.37699731,
0,41.50392241,
0,69.94242649,
0,59.8836144,
0,62.04487615,
0,66.84734654,
0,54.16659039,
0,62.12293057,
0,64.31576874,
0,60.34935118,
0,63.48235294,
1,139.4902159,
1,174.4510221,
1,139.2020086,
1,144.2509898,
1,175.5928527,
1,144.340058,
0,117.9373172,
0,115.6322581,
1,191.4229734,
1,242.1400286,
1,282.0377066,
0,45.74755906,
0,59.38419064,
0,45.02831858,
0,47.84247312,
0,31.66347097,
0,36.82435512,
0,31.28747795,
0,26.94531646,
1,167.445211,
0,29.62617173,
0,33.34703736,
0,39.47486772,
0,32.73723878,
0,33.16672573,
0,57.73015873,
0,100.5263505,
0,116.3795953,
1,131.8401837,
1,158.9903814,
1,217.1490178,
1,134.6469457,
1,126.4158386,
1,146.8842474,
1,172.10208,
1,223.4609694,
0,27.49704506,
0,26.88971487,
0,26.66623702,
0,24.30084746,
0,30.47916667,
0,22.96156904,
0,112.8783485,
0,95.8879526,
0,105.9907734,
1,149.9384382,
1,201.7326169,
0,102.6702532,
0,54.74945355,
0,58.45940171,
0,66.59667025,
0,67.43687774,
0,82.19573561,
0,81.2812011,
0,78.09172577,
0,102.6165505,
1,163.8747034,
1,191.8243622,
1,239.099026,
0,118.3683515,
0,53.55413105,
1,170.1042254,
1,176.6974958,
1,350.1981982,
0,80.95166439,
0,99.24719551,
0,79.91615385,
1,149.3908948,
1,149.8448043,
1,148.8335983,
0,114.1741145,
0,117.6102438,
0,108.8957792,
1,219.5344732,
0,119.6355502,
1,131.4154483,
0,105.262803,
0,63.01329291,
0,114.6663228,
0,118.3426052,
0,62.19869946,
0,110.2458588,
0,85.86432391,
0,111.2195042,
0,117.5124698,
1,152.3664504,
1,164.2214446,
0,117.534494,
1,147.2310127,
1,123.6482227,
1,175.2743363,
1,226.6255896,
1,186.1178321,
0,67.47228145,
0,77.42266667,
0,30.13468316,
0,38.52043468,
0,28.89413919,
0,31.57124969,
0,37.54521739,
0,90.5861413,
0,63.02480159,
0,95.06517094,
0,34.69252984,
0,56.96668402,
0,52.30650576,
0,77.18561924,
0,54.27020121,
1,156.2021832,
1,200.2365792,
1,180.7676587,
1,140.5709765,
1,435.9921652,
1,151.7431674,
1,145.6548621,
1,234.4141126,
0,67.61147781,
0,97.81530112,
0,57.77327302,
0,72.32440945,
0,84.74528302,
0,69.85542582,
1,143.8714065,
0,65.02439024,
0,77.82991803,
0,101.8371274,
0,75.80726464,
0,85.26570102,
0,73.56901768,
0,81.44349478,
0,81.5420311,
0,68.19404019,
0,67.72187895,
0,94.83630394,
1,165.4969658,
1,250.6189581,
1,139.4706726,
1,174.544184,
0,116.1002801,
1,125.1744362,
0,118.3388978,
0,61.65322129,
1,128.5519814,
0,108.7220876,
0,115.0516667,
1,163.8734336,
0,22.3458498,
0,51.60605569,
0,68.00380469,
0,66.26585998,
0,62.24471318,
0,55.60861345,
0,38.37158006,
1,149.2860199,
1,224.7256637,
1,282.1411176,
1,265.3535714,
1,215.9811265,
1,251.1341472,
1,318.0233026,
1,153.4172521,
1,159.9383202,
1,176.9441595,
1,225.1642442,
1,547.1961207,
1,195.6993425,
1,358.9529093,
1,161.9682889,
1,207.2168522,
1,201.7583907,
0,18.60591226,
0,33.02487102,
0,31.39727989,
0,33.24342992,
0,46.21067626,
0,72.34805382,
0,31.30905526,
0,39.30806946,
0,74.43040541,
0,29.15835168,
0,34.16020594,
0,42.65855656,
1,125.739725,
0,117.7328,
1,134.6584011,
0,112.4482292,
0,99.95550388,
0,88.13662239,
0,115.1730988,
0,50.84100719,
0,48.1522007,
0,29.69294508,
0,61.53553056,
0,51.42980473,
0,48.00788522,
0,81.28014921,
0,81.99192031,
0,114.4291862,
0,94.03436214,
0,86.30829125,
0,85.34555174,
0,80.30619141,
0,93.47658097,
0,92.07238563,
0,100.993007,
0,89.84004144,
0,85.51440144,
0,75.57405764,
0,88.55630865,
0,72.24940048,
0,66.12981744,
0,117.3557377,
1,177.069287,
0,72.20797286,
0,82.48614725,
0,73.09806474,
0,71.46291243,
0,72.05656583,
0,111.5413732,
1,205.9093827,
0,33.9593741,
0,75.42538875,
0,104.7901919,
1,142.3794805,
0,91.5785161,
1,207.9121061,
1,289.4202189,
1,362.3316981,
1,664.2730159,
0,73.21172708,
1,121.1579313,
1,197.416,
1,139.7005013,
1,216.4518219,
1,350.6354167,
1,516.8125,
0,67.28827183,
0,52.52273787,
0,69.72582458,
0,53.01622844,
0,86.8758293,
1,206.2985106,
1,265.6375046,
1,270.626509,
1,220.9273901,
1,279.1052632,
1,240.1006325,
1,149.2883761,
0,111.9974425,
1,183.06473,
1,211.9247517,
0,31.42361111,
0,101.0315384,
1,151.1120845,
1,132.8598473,
1,166.0156873,
1,174.1622491,
1,134.3317793,
1,175.5165591,
1,219.2942792,
0,73.70289511,
0,112.6891843,
1,130.577453,
0,92.162764,
0,76.54276094,
0,119.6359968,
1,128.8858682,
0,119.0973958,
0,41.21676234,
0,36.39500688,
0,58.48559539,
0,105.9882638,
1,132.5087437,
0,38.72793094,
0,43.00195601,
0,70.13128205,
0,43.08436533,
1,133.7987511,
1,164.181057,
0,74.53803828,
0,72.01603865,
0,70.48073422,
0,111.4602339,
1,124.1809179,
0,71.81006596,
0,76.85945946,
1,142.6084848,
0,106.4520665,
1,135.7850067,
0,76.79586943,
0,69.91261596,
1,195.2319231,
0,71.67333848,
0,89.87490263,
0,85.59887147,
1,304.0042321,
1,208.052381,
1,441.0260417,
1,320.1389681,
1,407.712766,
0,79.56792307,
0,80.5727819,
0,88.33912137,
0,89.42514514,
0,77.36533193,
0,93.53095053,
1,125.1141875,
0,92.16022124,
0,86.24564637,
1,162.7338408,
0,72.62345416,
0,77.45451878,
0,105.8631557,
1,134.8816425,
0,74.04433937,
0,115.2237474,
0,93.2532645,
0,108.4101182,
1,174.8229167,
1,224.2295681,
1,502.8391772,
0,111.3715563,
1,1022.941667,
1,277.9007625,
1,296.9948216,
0,108.7633935,
0,119.2621155,
0,71.38488701,
0,104.3294656,
1,128.604089,
0,49.81941365,
0,88.14507817,
0,94.85183092,
0,59.18975682,
0,59.56803279,
0,57.3928079,
0,94.22804054,
0,57.4466951,
0,61.65895899,
0,50.20521654,
0,45.07379239,
0,99.6212206,
0,49.80996993,
0,43.34294991,
0,91.42807692,
0,38.99436796,
0,42.87343402,
0,51.81341991,
0,61.1079646,
0,44.89553398,
0,49.71031061,
0,43.43669442,
0,55.42945076,
0,79.33341996,
0,75.99104196,
1,140.4898508,
1,173.546297,
1,196.2207944,
0,85.41736695,
0,119.1908697,
1,135.9725801,
1,170.1397757,
0,80.51837652,
0,73.17660819,
0,76.13508167,
1,183.0245833,
1,194.4859307,
1,219.3161111,
1,305.3508197,
0,80.21693122,
0,71.19236046,
0,63.14258495,
1,128.3106509,
1,155.7604083,
1,207.002381,
1,313.1041667,
0,32.12356905,
0,34.81482871,
0,70.31054131,
0,37.14230769,
0,40.05365152,
0,38.24009604,
0,35.72266635,
0,46.60741857,
0,47.93014111,
0,48.88017476,
0,40.96066491,
0,45.31588327,
1,179.6143218,
1,237.1201465,
1,236.2154081,
0,80.57133812,
1,193.3292269,
1,197.6376812,
0,73.58614598,
0,71.01903158,
0,47.81897507,
0,69.74833535,
0,72.09588148,
1,129.8366667,
1,138.5144826,
0,14.00260178,
0,12.93057456,
0,16.33676471,
0,12.15344862,
0,13.60692554,
0,22.33794004,
0,26.96136168,
0,26.87723025,
0,107.4503817,
0,112.652043,
1,121.9163997,
0,62.34538971,
0,58.24111561,
0,53.60599647,
1,207.043673,
0,52.49140709,
0,52.91125608,
0,63.49074074,
0,60.28871829,
1,134.1814713,
0,84.91117373,
0,97.13401709,
1,123.3238293,
0,63.72365385,
0,75.64867806,
0,70.06727345,
0,95.39491422,
1,122.9583333,
0,84.86586494,
1,188.6647727,
0,73.36433461,
0,70.78351648,
0,110.8602731,
0,101.1604859,
0,80.14460692,
0,102.2333258,
0,77.29817708,
0,67.69643821,
0,76.91850796,
1,144.8882114,
1,125.1625344,
1,168.3273416,
1,191.7258929,
1,234.9451552,
1,159.6208075,
0,110.3509898,
1,151.2776557,
1,176.8245217,
1,196.9474446,
1,269.5115948,
0,92.56911681,
0,96.09245167,
0,65.45353884,
1,156.8687226,
1,264.3878558,
1,1171.018519,
0,104.5543478,
1,125.0712925,
1,1593.167391,
0,66.07402806,
0,62.83253133,
0,57.40412099,
0,61.85072479,
0,70.87825125,
1,180.1426006,
0,55.51682353,
0,60.46924321,
0,63.9401535,
0,54.45989173,
0,47.52147996,
0,49.43552097,
0,56.39407264,
0,93.83968254,
0,104.6545353,
0,56.00416378,
0,46.53153989,
1,157.6442308,
1,148.2068966,
1,137.1937333,
1,143.267942,
1,227.6972477,
0,77.16809117,
1,167.3887755,
1,145.9343473,
1,195.9785575,
0,114.4914286,
1,183.6737949,
0,64.26250229,
0,107.0835386,
0,68.14753695,
0,85.20198911,
0,69.29668626,
0,92.53580076,
1,139.9726693,
0,51.85052838,
0,104.3872149,
0,104.5581176,
0,101.8976445,
0,104.4360608,
0,110.0780703,
0,101.1324296,
1,189.8135653,
0,60.90653666,
0,81.13404417,
0,92.68246654,
0,67.10098039,
0,77.91597419,
0,88.33532669,
0,100.2673072,
1,182.6056568,
0,75.21965195,
1,128.5117884,
1,125.1360748,
1,261.2363353,
1,294.2522046,
1,273.3081003,
1,287.8361171,
1,181.8651218,
1,227.7198142,
1,184.4737379,
1,230.7328925,
0,52.77430368,
0,66.4006778,
0,78.04345898,
0,101.5023425,
0,67.99337411,
0,63.41341543,
0,69.81407407,
0,59.0944595,
1,237.7380952,
1,401.7176361,
1,161.7368421,
1,295.5502717,
0,42.52118245,
0,52.52592483,
0,100.5008053,
0,74.83667692,
0,77.12373912,
0,49.85191183,
0,69.99557493,
0,78.77156334,
0,27.19887899,
0,30.50348953,
0,27.91572343,
0,34.07832574,
0,29.71838018,
0,26.9022439,
0,31.34078008,
0,44.6955637,
1,206.5213708,
0,95.54254296,
0,60.53556522,
1,190.2226415,
0,104.4326923,
1,213.5355769,
0,98.67433155,
1,283.2065161,
1,218.0643093,
1,177.5636073,
1,175.0886671,
1,204.163304,
0,98.52614199,
0,109.5419215,
0,95.76439737,
0,86.86213918,
0,102.7414364,
0,99.73610586,
0,40.69391245,
0,40.51344086,
1,160.1351862,
1,182.9206142,
0,100.9714777,
0,35.77673546,
0,89.67220683,
1,159.6943789,
0,42.52000631,
1,205.8125,
0,39.63186784,
1,191.5412879,
0,90.24559859,
0,83.8440767,
1,184.3683582,
0,76.01388381,
0,82.2747447,
0,83.32400498,
0,86.73844934,
0,65.42188295,
1,142.1967283,
1,126.9572495,
1,136.3936152,
1,128.8510004,
1,122.6591892,
1,132.4191176,
1,132.5709877,
0,109.4102941,
0,97.13356855,
0,68.32395105,
1,157.4696429,
1,202.6200397,
1,123.432028,
1,163.9716926,
1,177.9090506,
1,131.1299574,
1,144.4960077,
1,181.2819549,
0,73.26952603,
0,78.74798564,
0,68.97620365,
0,57.51528651,
0,95.88990826,
0,93.76053272,
1,168.5956219,
0,101.891322,
0,82.57138255,
0,103.240458,
1,125.9259958,
1,168.8392727,
0,74.18312448,
0,60.77669233,
0,69.23021477,
0,98.5299525,
0,69.34760318,
0,70.19856139,
1,145.752279,
1,260.4880512,
0,114.7893297,
1,297.4677976,
0,84.41914505,
0,67.55025653,
0,85.88974817,
0,70.59949109,
0,93.91517567,
0,105.4798611,
1,248.4616279,
1,269.8651163,
1,134.4235915,
1,159.0990503,
1,157.658752,
1,173.6682757,
1,249.3115173,
1,255.6474673,
1,160.9712068,
1,159.3839822,
1,192.3193193,
1,264.2338924,
0,112.6702359,
1,127.1072137,
1,154.4842809,
0,81.39635158,
1,155.8932353,
1,155.3112583,
1,133.5599724,
1,146.5238095,
1,187.6640121,
0,118.6173649,
0,91.12321563,
0,102.4842505,
0,92.84847632,
0,64.33649554,
0,67.62250454,
0,109.7730496,
0,95.73569024,
0,71.81646655,
0,82.83056527,
1,142.6225895,
0,40.5,
1,182.9327458,
1,176.3270202,
0,80.55844156,
1,153.3323163,
0,91.01960784,
0,88.38455561,
0,69.90648148,
0,60.68406072,
0,93.56965455,
1,231.6489442,
0,24.00430108,
1,166.5771429,
0,64.91329774,
0,86.30508475,
0,84.67774086,
0,67.652331,
0,86.12219495,
0,115.7089862,
0,80.15356125,
0,118.4973214,
1,196.3095238,
1,237.1031678,
0,79.57208971,
0,67.89913043,
0,67.80918387,
1,152.6283298,
1,146.619766,
1,132.0223214,
1,1219.838542,
0,107.4028865,
0,17.55704461,
0,26.11073684,
1,333.1584526,
1,247.629131,
0,30.05855263,
0,27.02149268,
0,27.41511219,
0,33.08793922,
0,60.29508197,
0,68.35863031,
0,82.04325307,
0,73.78836458,
0,69.14296377,
1,130.8705937,
1,150.3875068,
0,54.83838384,
1,129.1515614,
1,128.3429616,
1,128.3726539,
1,122.8642022,
1,156.7368586,
0,93.30839506,
0,49.88934552,
0,58.41603306,
0,72.49836334,
0,84.41232383,
0,99.01840278,
1,134.430016,
0,93.18773467,
0,101.4604983,
1,156.5843942,
1,451.9156315,
1,361.85025,
1,331.1218327,
1,163.5418886,
0,97.20430863,
0,85.55333525,
0,98.00723404,
0,82.10007721,
0,91.68617396,
0,76.24760845,
0,81.05018345,
0,93.83003899,
0,91.62867215,
1,184.5508308,
1,145.1104247,
0,117.3215278,
1,258.0846233,
1,224.7497558,
1,199.3384615,
1,121.1356061,
0,65.04722222,
1,192.7644387,
1,353.3793249,
1,145.5209948,
1,148.7036694,
1,176.4887075,
1,140.0463014,
1,200.2093777,
1,256.2763158,
1,193.0244709,
0,88.97777778,
1,256.7104776,
0,80.73017751,
0,73.06711146,
0,80.86333333,
1,941.3194444,
0,12.29292929,
0,91.01973684,
1,121.852338,
0,106.2138061,
0,115.9014314,
1,154.8142045,
1,138.3915825,
0,90.92680537,
1,166.6603641,
0,72.61508567,
0,71.74972191,
0,76.89609967,
0,119.0700758,
0,112.4098613,
0,63.58673469,
0,54.61068045,
0,52.38913447,
0,65.69540675,
0,89.70691824,
1,130.8233333,
0,96.46358223,
0,90.73131229,
0,74.7333795,
0,61.67490347,
1,130.8491515,
1,358.9021978,
0,105.7346939,
1,134.5560318,
0,83.21079031,
0,81.65207164,
0,38.15538194,
0,60.75142709,
0,46.87359199,
0,61.53465631,
1,182.8948052,
1,250.036859,
1,184.2829772,
0,118.8079339,
0,111.6157369,
0,18.42521368,
0,59.41060291,
1,156.9218646,
1,178.0713185,
1,186.8608513,
1,254.3750129,
1,188.2745536,
1,236.6306604,
1,264.3179126,
1,204.7562629,
1,172.1638796,
1,354.2956863,
0,96.62443439,
1,217.5901498,
1,254.6606612,
1,357.33,
0,111.960177,
0,105.1833333,
0,44.4674938,
0,95.79537196,
0,106.805771,
0,108.8678507,
1,164.6260133,
1,135.9179452,
1,121.8281056,
1,141.2938216,
1,140.0771013,
1,122.4996032,
0,30.19444444,
1,141.9428571,
1,129.5823911,
0,85.37923729,
0,91.69313635,
1,298.3560309,
0,101.720404,
1,185.1448355,
1,146.3055947,
1,125.0324019,
1,126.4052009,
0,79.23660384,
1,132.4633058,
1,175.2964286,
0,67.47352941,
0,73.08408276,
0,48.73756614,
0,70.0882643,
0,55.85202991,
0,112.3114144,
1,179.40926,
1,170.1619228,
1,237.8695418,
1,291.0442105,
1,257.0122721,
0,87.9124847,
0,67.51063327,
0,83.66371882,
0,80.49127433,
0,75.4306087,
0,86.49359886,
0,83.79420133,
0,63.17659033,
0,90.75297563,
1,150.5097905,
1,212.25,
1,167.2024242,
0,55.95270891,
0,103.9295585,
0,103.8989145,
0,81.93302362,
1,121.3839458,
0,102.4142036,
1,132.0311111,
1,164.7154745,
1,206.9972727,
1,122.9787728,
1,122.669386,
1,124.7667883,
1,123.5813492,
0,115.9474919,
0,90.655,
0,87.17115144,
1,122.6604747,
0,107.6297134,
1,123.2625392,
1,214.7982456,
1,972.6781327,
1,155.0840134,
1,121.2749716,
1,169.2140902,
1,185.7700412,
1,153.281912,
0,63.66045752,
1,159.6829086,
1,129.2209662,
1,209.2761802,
1,176.7101098,
1,199.5462841,
1,168.4426364,
0,81.75570966,
1,170.9506903,
0,80.49424758,
0,105.8120567,
1,129.551208,
0,91.41515152,
1,170.5170588,
1,171.098273,
0,98.27623307,
1,145.2268868,
1,170.3899091,
1,210.4723295,
1,224.0325914,
1,165.3277108,
1,204.484375,
1,243.7781275,
0,110.3617714,
1,287.8068966,
0,25.98701299,
0,34.21692182,
0,42.88951443,
0,107.9312509,
0,108.1851387,
0,105.6346908,
0,109.6039254,
0,116.6460145,
1,180.8728074,
1,288.8864339,
0,109.9832162,
1,201.1393229,
1,122.7489712,
1,145.3301259,
1,143.1233719,
1,131.0930078,
1,170.6311966,
1,172.8920755,
1,174.8431253,
1,203.8111679,
1,213.5280612,
0,95.35555556,
0,108.2698814,
0,97.12868949,
0,64.22356035,
1,257.6925134,
1,124.0118374,
0,93.57541145,
0,111.8181818,
1,140.4075,
1,188.3404255,
0,53.01106864,
0,32.77869605,
0,51.68098291,
0,49.3716895,
0,38.76904215,
0,97.84332096,
1,131.3384774,
0,100.5030864,
0,104.8913418,
0,109.9323416,
1,122.0399017,
1,121.6904337,
1,145.6677602,
1,344.8626894,
1,143.603575,
1,140.7873016,
1,142.6355568,
1,149.1394998,
1,147.991947,
1,138.6239954,
1,132.0761663,
1,161.5179451,
1,184.3420896,
1,131.8514739,
1,131.4994852,
1,141.5899134,
1,144.2288518,
1,203.9761905,
0,57.97631785,
0,108.8583929,
1,201.5866332,
1,171.120462,
1,211.7858215,
1,161.5969697,
1,168.7530364,
1,126.1122603,
0,100.7490074,
0,60.80701754,
0,71.90748441,
0,85.11354751,
1,139.1112157,
1,144.9158545,
1,125.6193806,
1,205.2995346,
0,93.37933723,
1,154.9118993,
1,150.2154454,
1,185.5356771,
1,193.1425021,
1,193.8895254,
0,70.97249597,
0,73.52854388,
0,91.88098375,
0,102.5469197,
0,78.27745516,
0,63.03961268,
0,54.59036458,
0,52.15198413,
0,46.72823887,
0,69.06279809,
1,167.4525032,
1,121.315873,
0,76.07633588,
0,79.58133971,
0,113.8428072,
1,230.9820975,
1,204.3246914,
1,132.0032824,
1,137.1252319,
0,59.72671211,
0,98.27333333,
0,33.76631106,
0,41.06232003,
0,107.42,
0,40.81383713,
0,47.10951189,
1,125.8284226,
1,135.4885982,
1,128.5360938,
0,107.4628451,
1,154.3609847,
1,331.9679426,
1,384.8691239,
0,14.65730914,
0,24.6443609,
0,28.75209542,
0,42.35706861,
0,66.89367816,
0,79.68807445,
0,96.25031095,
1,136.2935147,
1,198.2661499,
1,170.4433095,
1,147.6950422,
0,97.59984326,
0,49.45684524,
0,82.20564706,
0,72.39697657,
1,195.8787058,
1,457.2604167,
0,75.56364142,
0,76.60930808,
0,81.82006543,
0,80.36682415,
0,84.99923179,
1,159.8630752,
0,96.92900691,
0,78.40192253,
1,182.1597222,
1,127.983368,
0,108.7003968,
1,129.5206034,
1,177.8467039,
1,164.5980321,
1,275.4172794,
1,221.2802508,
0,97.70731325,
0,81.76495219,
0,71.73272059,
0,111.5466729,
0,82.5343535,
0,86.69466176,
0,91.14003044,
0,108.6477058,
1,166.5513158,
0,93.96327735,
1,125.3649087,
1,121.0125652,
1,186.8029827,
1,184.0115837,
1,177.5669836,
1,194.2861694,
1,195.4895125,
1,128.7527473,
1,179.1152038,
0,73.72039343,
0,70.01332328,
1,298.4815379,
1,212.9958333,
0,103.57512,
0,89.15699405,
1,172.1368062,
1,235.7624521,
1,187.2218182,
0,11.58741259,
1,150.3416,
1,162.0173611,
1,152.4333333,
1,124.9318182,
1,163.5170868,
0,80.71377841,
0,69.50531915,
0,56.70147059,
0,48.34565005,
0,40.70732584,
0,48.28853755,
0,56.46204311,
0,48.30028114,
0,66.35320373,
1,125.3690521,
1,128.6120359,
0,92.35428277,
0,92.62796581,
1,125.4217905,
1,137.6376068,
0,94.00276713,
0,112.303188,
0,117.5784357,
1,214.6843112,
1,209.1580595,
0,108.1561866,
1,196.0130568,
1,175.657784,
1,135.9681645,
0,77.84178744,
0,68.72171414,
0,62.30999108,
0,42.48878049,
1,140.9183201,
1,251.5217262,
1,333.3420804,
1,225.9215723,
1,142.9880757,
1,211.5719064,
1,269.5354237,
1,191.9784671,
0,109.5034288,
1,125.5797867,
0,114.1049827,
0,78.03282432,
0,95.7517278,
1,136.1046512,
1,144.7805508,
0,119.2910068,
1,157.181713,
0,63.95805648,
1,242.7017045,
1,121.3487567,
1,223.9623656,
1,310.1666667,
0,92.39977892,
0,115.4310744,
1,146.4242857,
0,44.93987241,
0,44.98562421,
0,88.08823529,
0,97.57581454,
1,161.2395105,
1,220.9288335,
1,271.0828829,
1,392.3300248,
1,357.2137931,
0,83.12643678,
0,117.1329966,
0,54.51272727,
0,50.28728094,
0,54.51867142,
0,55.14142748,
0,28.10477112,
0,71.11324786,
0,71.10344828,
0,93.99007937,
0,116.2774758,
0,76.89514563,
0,109.2956593,
1,673.3076923,
1,238.2565789,
1,140.9819376,
1,165.5468687,
0,85.71155341,
1,252.7131742,
1,291.5188746,
0,82.08791707,
0,51.93868534,
0,56.71195602,
0,56.35048057,
0,33.77122807,
0,63.09088493,
1,226.7086727,
1,153.8318467,
1,293.1765265,
1,182.3516841,
1,201.0866667,
1,154.5671296,
1,170.5444444,
0,52.70576923,
0,103.5691392,
1,184.7324744,
1,135.9190687,
0,34.26923077,
1,179.1286833,
1,237.1369957,
1,225.7907134,
1,166.9933396,
1,163.9303415,
1,164.3621951,
1,161.8568182,
1,324.1115673,
0,54.26343519,
0,105.4310345,
0,100.5414951,
1,166.0357143,
1,168.2068966,
0,114.1392857,
1,140.0318104,
1,135.0151781,
0,117.994211,
1,171.7876588,
0,114.7619296,
0,102.5887148,
0,74.55664363,
1,122.941866,
1,123.5960044,
1,130.1274227,
1,157.0428487,
1,474.7780749,
1,136.4688703,
1,139.9400585,
0,57.49908088,
0,72.71955019,
0,71.04183024,
1,125.8334796,
0,108.3072456,
1,135.0339394,
1,150.950666,
1,162.3056315,
1,209.1617384,
1,159.134427,
1,201.5344203,
1,195.151525,
1,211.1533752,
1,189.0725806,
1,184.1698554,
1,197.6458813,
1,187.0763927,
0,37.61428571,
1,302.5110465,
1,124.4465944,
0,109.6089286,
1,134.3624242,
0,101.594723,
0,92.94529262,
0,99.60438391,
0,104.536846,
0,110.7671074,
1,175.5692857,
1,184.4405949,
1,172.4004065,
0,78.84108159,
1,310.1726297,
1,276.259377,
1,236.6611376,
0,36.54358974,
0,39.91984913,
0,32.70332741,
0,114.2080808,
0,102.2749042,
0,72.28125,
0,18.75962753,
0,29.06202091,
0,85.36045573,
0,86.8288444,
0,87.14009662,
0,76.7273624,
0,83.41768177,
0,101.2816975,
0,106.3814471,
1,142.8837125,
1,142.3170962,
1,183.7880851,
1,178.2833995,
0,66.59670165,
0,111.9644358,
0,75.18057395,
1,298.7941297,
1,300.4113356,
0,7.972747402,
0,7.944773775,
0,8.044835533,
0,9.099885714,
0,12.44124771,
0,16.42204334,
0,85.30768189,
0,60.4334747,
0,115.4958366,
1,130.4956731,
1,183.7103448,
1,202.925,
0,103.8175794,
1,178.9504202,
1,305.4502288,
1,182.6609337,
0,78.31994048,
0,104.8370119,
1,197.0099914,
1,308.078836,
1,174.2054926,
1,146.5216942,
1,142.6255583,
1,150.1696767,
0,94.24785714,
1,201.0089286,
1,150.0978677,
1,124.0767623,
1,199.6901515,
1,157.7350478,
1,179.4625048,
1,219.1024136,
1,187.9315692,
1,214.7163383,
1,195.5835498,
0,85.5625,
0,109.4998513,
1,164.0684524,
1,168.7423977,
1,178.8075299,
1,229.5400807,
1,220.2004545,
1,322.15,
0,100.2461274,
0,106.8170782,
0,70.1720192,
0,72.56290909,
1,188.359375,
1,222.0921053,
0,52.44396406,
0,61.17624005,
0,61.02971252,
0,60.98590705,
0,60.73931908,
0,67.63354037,
0,43.25642428,
0,116.1012436,
0,119.7186747,
1,141.3950914,
1,170.6724385,
1,176.5508761,
1,151.7840365,
1,141.686821,
1,143.0758082,
0,118.3897436,
1,251.2954545,
1,126.5428413,
1,152.2579186,
0,95.20163286,
1,177.591591,
1,153.953564,
1,198.3779528,
1,204.140994,
1,243.5726844,
1,534.0638015,
0,63.70631534,
0,28.4375,
0,49.95229647,
0,66.30970724,
0,29.79493088,
0,32.49420352,
0,37.32731579,
0,35.28537415,
0,31.80608466,
0,34.87637363,
0,43.02179554,
0,47.1363212,
0,49.93548387,
0,59.09945437,
0,81.22852405,
1,147.2487805,
1,135.1897247,
1,133.2792023,
0,113.8164788,
0,49.6227027,
1,122.9936488,
1,160.2498284,
0,33.46264368,
1,181.7130602,
1,234.6479121,
0,32.41709125,
0,27.70471128,
0,25.69809843,
0,30.91666667,
0,18.3354078,
0,118.5010856,
0,109.5859659,
0,110.1946661,
0,92.41068799,
0,90.84146555,
0,100.2318565,
0,95.19194385,
1,253.4175595,
0,34.3355494,
0,27.27200577,
0,73.81646825,
0,77.93744046,
0,98.10169903,
0,79.50924242,
0,104.2197197,
0,103.8090421,
1,177.0679499,
0,52.14642857,
1,149.4224038,
1,126.3768182,
0,113.9501916,
1,123.2488076,
1,193.0841745,
1,254.1893519,
1,315.95875,
0,102.4620362,
1,186.4245283,
1,215.5474537,
1,206.8798468,
0,84.35372549,
1,166.2765843,
1,164.6282468,
0,95.15584936,
1,205.611274,
1,148.3940171,
1,141.5248244,
0,113.9635186,
0,108.4120007,
0,112.1644886,
1,126.802539,
0,92.34164535,
0,60.69677871,
0,64.18162284,
0,110.2338048,
0,115.1067283,
1,137.0765677,
1,148.0071978,
1,123.6288416,
0,85.37297534,
1,134.6206897,
1,143.492644,
1,192.4806763,
0,110.9599863,
0,79.9496124,
1,211.3602459,
0,111.4974463,
1,139.7147107,
1,174.5042857,
1,145.8996212,
0,24.91682785,
1,188.9867031,
1,221.6426154,
0,102.4559659,
0,71.85875706,
0,78.21903715,
0,53.41568396,
0,75.77098801,
0,28.97377066,
0,29.93807774,
0,28.83757537,
0,34.3539916,
0,94.19482759,
0,99.35820029,
0,80.68242424,
0,95.26075505,
0,55.11016144,
0,73.94,
1,154.2050595,
1,184.1535181,
1,158.6411765,
1,138.5039063,
1,242.4823815,
1,263.6710277,
1,263.4832766,
1,139.7787016,
0,76.4862543,
0,80.43495935,
0,104.6282828,
0,76.43161094,
0,102.5714286,
0,49.85553089,
0,84.9085,
0,42.51131222,
0,51.01831525,
0,46.67566783,
0,54.77367424,
1,155.330111,
1,163.1975085,
1,146.0966401,
1,166.3926501,
1,145.1352627,
1,266.6064871,
0,71.22575002,
0,87.28846154,
0,109.2576015,
0,105.9070761,
0,53.79565378,
0,53.42721769,
0,59.6995789,
0,66.50943044,
0,81.56537192,
0,85.02539063,
0,73.49350649,
0,117.4239332,
0,67.50344149,
1,131.440363,
0,93.13123635,
1,161.0627503,
1,181.0557907,
1,128.2435345,
1,128.4459984,
0,110.5310978,
0,62.29029851,
0,99.4813469,
1,163.2034483,
0,84.54495319,
0,90.17056856,
0,73.86195652,
0,95.10788114,
0,26.55955956,
0,85.15015361,
0,15.60817308,
0,22.7687747,
0,63.96597782,
0,41.47189205,
0,38.10885197,
1,142.6658361,
1,282.0555556,
0,96.51282841,
1,210.7365512,
1,253.0360331,
1,321.1921429,
1,128.1785158,
1,376.3392105,
1,193.6374815,
1,166.2893415,
1,222.7641258,
1,175.9933176,
1,245.752551,
1,162.3487469,
1,184.3973861,
0,46.41313083,
0,42.70062648,
0,20.74544622,
0,35.82389252,
0,108.390991,
0,108.4350588,
0,69.73869681,
0,23.34318182,
0,28.99856115,
0,35.94113821,
0,47.23530983,
1,125.6981678,
0,84.62884615,
0,113.5603954,
0,118.1225,
0,94.29445774,
0,53.78859198,
0,52.72378049,
0,45.04422789,
0,51.2815534,
0,79.87987792,
0,86.26472808,
0,85.62092732,
0,97.46234568,
0,85.13478535,
0,40.44642857,
0,49.75514874,
0,44.94807692,
0,82.35598037,
0,73.6079526,
0,84.59156079,
0,76.4485684,
0,73.023126,
0,68.13894523,
0,95.84206897,
0,116.2581357,
1,169.7296054,
1,248.6721612,
0,72.39761624,
1,145.6839599,
1,123.908028,
1,122.8879392,
1,149.4700461,
1,171.7210938,
1,190.7323864,
1,307.9901961,
1,534.4038462,
0,72.50223547,
0,52.43313543,
0,75.10759494,
0,80.809614,
1,273.7923875,
0,118.0225524,
1,200.1066563,
1,208.260393,
1,224.6751752,
1,211.5927783,
1,187.125394,
1,229.7317803,
1,201.0708087,
1,143.6283716,
1,170.185941,
1,129.2335746,
0,98.54333624,
0,104.5742593,
0,90.1887858,
1,142.0425632,
1,124.9490909,
1,218.5485414,
1,188.2005882,
0,75.91666667,
0,28.86849262,
1,179.1821429,
1,130.48297,
0,101.6443603,
1,157.4539048,
1,130.1752101,
1,140.5159155,
0,93.81430303,
0,78.74198758,
0,86.57958711,
1,192.8409091,
1,203.0824249,
1,125.9145708,
0,55.66650729,
1,122.0544508,
1,132.2170949,
1,122.1675895,
0,97.31036036,
0,38.65005612,
0,41.13474837,
0,45.91736695,
0,37.94909246,
0,59.31406406,
0,77.06905263,
0,111.2073755,
1,148.1495726,
1,147.1287167,
0,72.60609439,
0,74.42173606,
1,140.5442539,
0,97.44838638,
0,109.1660386,
0,109.0112819,
0,116.5311355,
0,75.64304511,
1,229.7699849,
1,177.9866667,
1,336.7678571,
0,68.12023392,
0,91.20692379,
0,104.5396319,
0,119.103079,
1,411.4018952,
1,319.9736626,
1,277.5072623,
1,323.8321311,
1,419.3759111,
0,65.60415237,
0,65.8975976,
1,200.1862205,
1,283.5101944,
1,169.3701643,
0,84.97383795,
0,79.96222089,
0,77.55595364,
0,107.410194,
0,73.05356198,
1,124.4300481,
0,87.39270764,
1,173.6682489,
1,128.7259615,
0,89.37473364,
0,99.88218029,
0,73.05027685,
1,204.0727345,
0,47.01333333,
1,209.4869615,
1,266.6231192,
1,146.1922593,
1,133.0614953,
1,130.9535254,
1,195.7538897,
1,165.0852792,
1,212.2240822,
1,298.6519525,
1,132.552381,
1,204.7049865,
1,233.0890909,
1,318.1292857,
0,114.9276423,
1,166.5608283,
0,94.77000942,
0,113.9120258,
0,110.487946,
0,75.91451613,
0,56.27124183,
1,185.6837607,
0,103.8402778,
1,139.9639881,
0,53.72577588,
0,73.44686469,
0,80.19729345,
0,37.14615385,
0,30.15586207,
0,21.56888889,
0,58.37803768,
0,62.95817728,
0,51.79053254,
0,47.15403847,
0,101.3553922,
1,163.0924631,
1,128.5793011,
0,87.01203008,
0,62.68227732,
0,43.2927451,
1,501.0194805,
0,49.62410134,
0,57.54924705,
0,54.672,
0,45.47682119,
0,42.7820802,
0,59.66369252,
0,79.87895686,
0,81.64705882,
0,106.9279847,
0,115.8975307,
1,121.9690639,
1,133.2765957,
1,139.1395722,
1,265.0265993,
0,74.56393651,
0,66.94957983,
0,56.27659574,
1,136.4623274,
0,109.2801504,
1,139.9011538,
0,109.5544086,
1,181.7409431,
1,153.7863924,
1,190.9414203,
1,185.96875,
1,170.9970576,
1,322.7857662,
0,37.15469315,
0,35.74130619,
0,44.29703704,
0,61.45400208,
0,58.25193424,
0,51.15074751,
0,36.28703704,
0,53.77251877,
0,47.76099339,
0,41.90178571,
1,197.46454,
1,158.4017823,
1,268.1936514,
1,186.7389558,
0,81.72887971,
0,117.7261663,
1,154.662409,
1,154.3967391,
1,178.770092,
1,191.8149225,
1,222.377684,
1,150.8780886,
1,188.948604,
1,139.7678253,
1,122.4314815,
0,58.1978022,
0,65.42890443,
0,72.4628911,
0,82.41638564,
0,87.51611253,
0,104.5499014,
0,79.13565763,
0,114.0863398,
1,140.0266071,
1,176.5214926,
0,92.53829657,
1,284.6381176,
0,5.266578638,
0,5.64142049,
0,12.92297159,
0,14.01706906,
0,27.29582289,
0,26.92134565,
0,25.95679355,
0,28.23038278,
0,104.3755652,
1,149.6340081,
1,184.8686709,
1,135.4725108,
0,69.36778746,
0,50.90569918,
1,123.1729902,
0,103.7747179,
0,77.55114109,
0,68.99750797,
0,50.16511111,
0,54.34075937,
0,50.72526461,
0,64.4358804,
0,82.93607262,
1,130.1473818,
0,82.42950514,
0,89.75113728,
0,69.88765795,
0,73.48726154,
0,68.63115235,
0,98.63432836,
0,81.66518847,
0,90.42095588,
0,85.20128676,
0,87.2389881,
0,113.5014903,
1,187.6760652,
1,139.2653846,
0,98.88391608,
0,77.22697996,
0,90.47669221,
0,81.41823271,
0,93.5283105,
1,162.1432099,
0,65.33928217,
1,156.4247477,
0,110.0432692,
1,145.7409232,
1,147.2808627,
1,140.9732605,
1,123.7876448,
1,129.7293644,
1,173.5705747,
1,192.0500734,
1,302.5711265,
0,102.0224582,
0,93.42245989,
1,135.2755952,
1,277.6585366,
1,404.2659527,
1,457.6472402,
1,846.3128019,
1,1546.905556,
0,60.63071862,
1,183.9845455,
1,202.1928,
1,152.146798,
1,188.5423888,
1,226.5764411,
1,158.8652632,
1,181.228,
1,462.2542819,
0,58.77558877,
0,60.76899576,
1,162.4866352,
0,92.16976917,
0,98.20482897,
0,97.50919405,
0,76.26056826,
0,83.62878788,
0,59.46934911,
0,80.28013393,
0,56.99193548,
1,186.9792208,
1,148.9814971,
1,139.4364933,
1,132.368491,
1,130.8050987,
1,132.4712919,
1,134.759375,
1,168.6722086,
1,171.9396226,
0,117.8862172,
1,122.84375,
0,24.81868132,
1,196.4541939,
1,145.700153,
1,168.8164983,
0,99.74043393,
1,165.1332071,
0,83.22673314,
0,72.79739229,
0,67.82111472,
0,73.62460697,
0,102.2995669,
1,179.9330882,
0,111.4469758,
0,105.1053391,
0,104.6062273,
0,100.0880019,
1,122.5659869,
1,226.1941645,
0,51.45530935,
0,82.60118482,
0,94.25086591,
1,126.3925354,
1,140.3484593,
1,140.9708884,
0,76.77851807,
0,74.68153005,
0,76.25949737,
0,79.12948985,
0,92.95771632,
1,153.2738632,
1,345.2957875,
1,272.9916339,
1,270.531548,
1,225.9379492,
1,121.3206349,
1,259.4013158,
1,444.8391608,
1,458.4623656,
1,215.7355769,
1,245.0020826,
0,64.26150917,
0,60.95117845,
0,68.12881608,
0,76.3191358,
0,93.40243902,
0,84.38754175,
0,118.5258251,
1,213.2848297,
1,215.1650857,
1,279.9084973,
1,178.7297448,
1,303.9609908,
1,247.8864314,
0,112.8032561,
0,74.89102958,
0,88.92828613,
0,28.3942423,
0,30.88872612,
0,95.65912945,
1,155.4761905,
0,112.3629808,
0,85.88201058,
0,47.68693694,
1,315.6632184,
0,78.71003788,
0,81.37719298,
1,124.2686584,
1,198.0621429,
1,188.5245714,
1,123.2721212,
1,214.4926286,
1,171.3654634,
1,180.5153414,
0,62.38848039,
0,73.45513196,
0,100.2951938,
0,106.3693878,
1,136.5388021,
1,194.1575381,
1,167.3509804,
1,535.7960089,
0,87.54180328,
0,106.1095299,
0,112.9162019,
0,96.50744048,
0,58.50068426,
0,70.94739981,
0,99.49408034,
0,36.6847619,
1,131.3718447,
1,179.8845062,
1,185.5034722,
1,232.7165591,
0,97.27529855,
1,163.6727423,
1,172.712963,
1,183.8316897,
1,225.5789901,
0,30.41185682,
0,52.59622739,
0,59.95210997,
0,65.15220949,
0,87.64155039,
1,186.3682266,
1,341.9940476,
0,88.81005753,
1,163.8399861,
1,217.8843159,
1,162.7131115,
1,126.7045811,
1,143.510901,
0,114.1721612,
0,87.57011245,
0,64.69380831,
1,134.21375,
1,154.5570571,
0,56.9827027,
0,107.0751029,
0,117.3095162,
1,153.8272088,
1,121.8252729,
1,140.7736957,
1,134.9290865,
0,112.9951524,
0,65.19934986,
1,144.4846611,
1,177.1935417,
1,151.4100851,
1,225.6822581,
0,86.63461538,
0,109.9245377,
1,154.2138478,
1,192.7912892,
0,79.22468043,
0,65.11174242,
0,58.25848523,
0,63.0400641,
0,97.44838509,
1,146.4470067,
0,98.10761191,
0,96.05223881,
0,98.45492904,
0,85.57842938,
0,87.67247387,
0,94.58742571,
0,97.84131984,
1,132.8701359,
1,169.2054422,
1,176.0319584,
0,61.13236607,
0,105.6067821,
0,69.10569106,
0,74.90517241,
0,48.40084034,
0,64.28739224,
0,63.23136861,
1,229.4176385,
1,240.4818182,
1,131.4137931,
1,319.4786532,
0,85.39371359,
0,70.17766469,
1,180.7768595,
1,203.7091503,
1,166.9246032,
0,71.70506912,
0,72.77011494,
0,73.98734366,
0,100.1272283,
1,151.4388994,
1,307.6663427,
1,701.3712121,
1,206.8793463,
1,173.7848739,
1,166.3959163,
1,158.4376002,
1,161.1586755,
1,167.1301177,
1,223.8129321,
1,239.2513876,
